{
  "loss": [
    89.10372924804688,
    152.1999969482422,
    154.53228759765625,
    162.12709045410156,
    141.26229858398438,
    128.99472045898438,
    134.7765655517578,
    142.480224609375,
    145.1522216796875,
    134.30648803710938,
    131.6306610107422,
    125.78036499023438,
    119.50415802001953,
    116.60710906982422,
    103.37494659423828,
    106.4083251953125,
    104.51762390136719,
    91.6360092163086,
    87.57437896728516,
    83.84293365478516,
    77.69322204589844,
    78.43098449707031,
    68.09228515625,
    67.7030029296875,
    58.96652603149414,
    55.95023727416992,
    52.98167037963867,
    46.44548034667969,
    43.69881057739258,
    38.25702667236328,
    38.75202560424805,
    31.876495361328125,
    31.58696174621582,
    28.787090301513672,
    26.58080291748047,
    22.18626594543457,
    18.746723175048828,
    16.00318145751953,
    13.036833763122559,
    11.263345718383789,
    9.394997596740723,
    7.77174186706543,
    6.73615026473999,
    5.673202991485596,
    5.275193214416504,
    4.717228889465332,
    4.3821845054626465,
    4.03441858291626,
    3.900935649871826,
    3.7633731365203857,
    3.5666415691375732,
    3.5427637100219727,
    3.5860342979431152,
    3.5035343170166016,
    3.10864520072937,
    3.5785017013549805,
    3.4687442779541016,
    3.665278434753418,
    3.432105302810669,
    3.272862195968628,
    3.5947957038879395,
    3.6685962677001953,
    3.467165470123291,
    3.38993501663208,
    3.0122296810150146,
    3.15500807762146,
    2.8795244693756104,
    2.9948184490203857,
    2.916076421737671,
    3.1478919982910156,
    3.6259098052978516,
    3.0955443382263184,
    3.0137336254119873,
    2.6053571701049805,
    2.680992841720581,
    2.7640485763549805,
    2.676011562347412,
    2.9442763328552246,
    2.856722593307495
  ],
  "val_loss": [
    25.710962295532227,
    32.721527099609375,
    32.334739685058594,
    40.86581039428711,
    29.308452606201172,
    19.98073959350586,
    24.958208084106445,
    41.47601318359375,
    18.45575714111328,
    34.79779052734375,
    18.812419891357422,
    15.951345443725586,
    19.77310562133789,
    17.921142578125,
    17.582735061645508,
    16.90959358215332,
    21.452716827392578,
    15.758771896362305,
    17.847187042236328,
    15.155624389648438,
    15.20539379119873,
    11.867342948913574,
    11.158995628356934,
    11.34274673461914,
    15.974089622497559,
    8.968138694763184,
    10.062076568603516,
    11.471802711486816,
    10.156976699829102,
    7.006495475769043,
    8.606690406799316,
    8.966413497924805,
    8.929350852966309,
    8.305023193359375,
    9.250667572021484,
    7.871243476867676,
    6.945268154144287,
    5.323354244232178,
    6.0131001472473145,
    4.791807174682617,
    3.943222761154175,
    3.5932233333587646,
    3.548959732055664,
    3.509277582168579,
    2.894561529159546,
    3.0081632137298584,
    2.1730728149414062,
    2.6850593090057373,
    2.465871810913086,
    2.0719358921051025,
    2.381593942642212,
    2.1354610919952393,
    2.2046093940734863,
    2.158428430557251,
    2.040421485900879,
    2.177091598510742,
    3.2412664890289307,
    2.4822590351104736,
    2.0234384536743164,
    2.6913797855377197,
    3.0735692977905273,
    2.537797212600708,
    2.4102187156677246,
    1.907997727394104,
    2.0742828845977783,
    2.258653163909912,
    2.230989456176758,
    2.057936668395996,
    2.0853841304779053,
    2.6218204498291016,
    2.4329993724823,
    1.9586044549942017,
    2.0452167987823486,
    2.099126100540161,
    1.9387528896331787,
    1.9131600856781006,
    2.1232547760009766,
    1.9663467407226562,
    2.2400729656219482
  ],
  "accuracy": [
    0.1229281798005104,
    0.10635358840227127,
    0.1270718276500702,
    0.10082872956991196,
    0.1270718276500702,
    0.14502762258052826,
    0.1229281798005104,
    0.11325966566801071,
    0.11464088410139084,
    0.1174033135175705,
    0.11187845468521118,
    0.11878453195095062,
    0.13535912334918976,
    0.12154696136713028,
    0.12430939078330994,
    0.13950276374816895,
    0.1519336998462677,
    0.15607735514640808,
    0.12430939078330994,
    0.16574585437774658,
    0.1477900594472885,
    0.1325966864824295,
    0.16850829124450684,
    0.16022099554538727,
    0.16022099554538727,
    0.1671270728111267,
    0.16298343241214752,
    0.2016574591398239,
    0.19751381874084473,
    0.19198894500732422,
    0.1616022139787674,
    0.20718231797218323,
    0.1864640861749649,
    0.19475138187408447,
    0.19475138187408447,
    0.2016574591398239,
    0.19889502227306366,
    0.19198894500732422,
    0.2113259732723236,
    0.19475138187408447,
    0.2058010995388031,
    0.2058010995388031,
    0.2002762407064438,
    0.23756906390190125,
    0.20856353640556335,
    0.18784530460834503,
    0.19337016344070435,
    0.21270717680454254,
    0.20303867757320404,
    0.21685083210468292,
    0.22237569093704224,
    0.19475138187408447,
    0.22928176820278168,
    0.21961325407028198,
    0.2209944725036621,
    0.2058010995388031,
    0.2251381278038025,
    0.19751381874084473,
    0.22237569093704224,
    0.20994475483894348,
    0.19751381874084473,
    0.22375690937042236,
    0.2002762407064438,
    0.21823205053806305,
    0.2458563596010208,
    0.18784530460834503,
    0.2016574591398239,
    0.19751381874084473,
    0.21685083210468292,
    0.19475138187408447,
    0.20303867757320404,
    0.21961325407028198,
    0.19751381874084473,
    0.22237569093704224,
    0.21961325407028198,
    0.22928176820278168,
    0.20994475483894348,
    0.24861878156661987,
    0.19475138187408447
  ],
  "val_accuracy": [
    0.13812154531478882,
    0.08287292718887329,
    0.23204420506954193,
    0.15469613671302795,
    0.23756906390190125,
    0.22651933133602142,
    0.2154696136713028,
    0.12154696136713028,
    0.2596684992313385,
    0.1325966864824295,
    0.22651933133602142,
    0.2596684992313385,
    0.265193372964859,
    0.24309392273426056,
    0.24861878156661987,
    0.24309392273426056,
    0.2541436553001404,
    0.27624309062957764,
    0.2707182466983795,
    0.28176796436309814,
    0.2707182466983795,
    0.2209944725036621,
    0.2596684992313385,
    0.2707182466983795,
    0.2541436553001404,
    0.265193372964859,
    0.2707182466983795,
    0.2596684992313385,
    0.23204420506954193,
    0.2928176820278168,
    0.2154696136713028,
    0.27624309062957764,
    0.2541436553001404,
    0.22651933133602142,
    0.2596684992313385,
    0.28176796436309814,
    0.2596684992313385,
    0.2541436553001404,
    0.2209944725036621,
    0.28729280829429626,
    0.28729280829429626,
    0.2541436553001404,
    0.2707182466983795,
    0.2541436553001404,
    0.2596684992313385,
    0.16574585437774658,
    0.2707182466983795,
    0.24861878156661987,
    0.2928176820278168,
    0.23756906390190125,
    0.20441989600658417,
    0.2596684992313385,
    0.2154696136713028,
    0.18232044577598572,
    0.2596684992313385,
    0.265193372964859,
    0.2154696136713028,
    0.2209944725036621,
    0.2541436553001404,
    0.1712707132101059,
    0.2596684992313385,
    0.2209944725036621,
    0.28176796436309814,
    0.265193372964859,
    0.28176796436309814,
    0.2596684992313385,
    0.20994475483894348,
    0.27624309062957764,
    0.23756906390190125,
    0.2596684992313385,
    0.2596684992313385,
    0.2596684992313385,
    0.2596684992313385,
    0.2707182466983795,
    0.265193372964859,
    0.24309392273426056,
    0.28176796436309814,
    0.2707182466983795,
    0.22651933133602142
  ],
  "test_loss": 1.907997727394104,
  "test_accuracy": 0.265193372964859
}