{
  "loss": [
    2.4182868003845215,
    2.418840169906616,
    2.4106223583221436,
    2.3252978324890137,
    2.3064935207366943,
    2.1745645999908447,
    2.1257011890411377,
    2.107088088989258,
    2.0509278774261475,
    2.0214602947235107,
    1.9793567657470703,
    1.9451534748077393,
    1.9340603351593018,
    1.9154672622680664,
    1.8825923204421997,
    1.8694217205047607,
    1.8435148000717163,
    1.860629916191101,
    1.855764627456665,
    1.868419885635376,
    1.797303557395935,
    1.7399121522903442,
    1.758294701576233,
    1.723091959953308,
    1.696639895439148,
    1.6718270778656006,
    1.6152465343475342,
    1.5729939937591553,
    1.5409117937088013,
    1.5926945209503174,
    1.4998490810394287,
    1.4481563568115234,
    1.463688611984253,
    1.371059775352478,
    1.39883291721344,
    1.33872389793396,
    1.2901997566223145,
    1.259082317352295,
    1.2480803728103638,
    1.2018675804138184,
    1.1944774389266968,
    1.1887829303741455,
    1.2011950016021729,
    1.2345044612884521,
    1.201122760772705,
    1.199292540550232,
    1.132725715637207,
    1.1188799142837524,
    1.1090973615646362,
    1.0786993503570557,
    1.0619512796401978,
    1.006847858428955,
    1.049437165260315,
    1.0302339792251587,
    1.0879881381988525,
    0.957386314868927,
    0.9465757012367249,
    0.9432080388069153,
    0.922459065914154,
    0.9708703756332397,
    0.9134641289710999,
    0.98442542552948,
    0.8579539060592651,
    0.8117963075637817,
    0.8203674554824829,
    0.7957207560539246,
    0.9250091910362244,
    1.1087820529937744,
    1.0630189180374146,
    0.9511961340904236,
    0.8675988912582397,
    0.7935490608215332,
    0.8164263963699341,
    0.756706953048706,
    0.7323987483978271,
    0.6851904392242432,
    0.8109253644943237,
    0.73127681016922,
    0.7937144637107849,
    0.8015856742858887,
    0.8815104365348816,
    0.846880316734314,
    0.7942891120910645,
    0.7550383806228638,
    0.7210599184036255,
    0.7535752654075623,
    0.7300493717193604,
    0.6653401255607605,
    0.7014662623405457,
    0.6058861613273621,
    0.5892800688743591,
    0.5984209775924683,
    0.5540122985839844,
    0.5799211859703064,
    0.6008192300796509,
    0.5794724225997925,
    0.5239155888557434,
    0.585059642791748,
    0.6510182619094849,
    0.5742876529693604
  ],
  "val_loss": [
    2.29879093170166,
    2.272289276123047,
    2.2671380043029785,
    2.2351481914520264,
    2.120763063430786,
    2.0122344493865967,
    1.9241390228271484,
    1.8375996351242065,
    1.9000794887542725,
    1.7743395566940308,
    1.755092740058899,
    1.7436010837554932,
    1.7446019649505615,
    1.7211300134658813,
    1.708882212638855,
    1.7018916606903076,
    1.7087301015853882,
    1.693799376487732,
    1.7236418724060059,
    1.6692918539047241,
    1.6605280637741089,
    1.6202137470245361,
    1.61402428150177,
    1.6447010040283203,
    1.6365315914154053,
    1.5538330078125,
    1.5348877906799316,
    1.4522457122802734,
    1.5009465217590332,
    1.4561083316802979,
    1.3947827816009521,
    1.3666964769363403,
    1.442825198173523,
    1.2871431112289429,
    1.327091932296753,
    1.2755945920944214,
    1.2039260864257812,
    1.1814743280410767,
    1.1818034648895264,
    1.1975797414779663,
    1.1044515371322632,
    1.1719709634780884,
    1.2520952224731445,
    1.108223557472229,
    1.1063593626022339,
    1.2182176113128662,
    1.1850289106369019,
    1.163552165031433,
    1.0236961841583252,
    1.080045461654663,
    1.04351806640625,
    1.1949372291564941,
    1.0385338068008423,
    1.0180392265319824,
    0.993993878364563,
    0.9652366042137146,
    0.984457790851593,
    0.9471016526222229,
    1.0934925079345703,
    1.015297532081604,
    1.089512825012207,
    0.9090757369995117,
    0.8658891320228577,
    0.8200087547302246,
    0.9514536261558533,
    0.9858605861663818,
    1.2344071865081787,
    1.1412653923034668,
    0.9150158762931824,
    0.8700549602508545,
    0.8116884827613831,
    0.7771319150924683,
    0.7971148490905762,
    0.720941424369812,
    0.7101900577545166,
    0.8043644428253174,
    0.7871639132499695,
    0.771852970123291,
    0.7374076247215271,
    0.9763574004173279,
    1.0137488842010498,
    0.8211615681648254,
    0.7063772678375244,
    0.7315401434898376,
    0.8330771327018738,
    0.7432106733322144,
    0.6616833806037903,
    0.6417758464813232,
    0.6002346277236938,
    0.646038293838501,
    0.5472491383552551,
    0.5316658020019531,
    0.5540523529052734,
    0.6012958288192749,
    0.5371080636978149,
    0.5484542846679688,
    0.5513777136802673,
    0.5873746275901794,
    0.5569635033607483,
    0.4691128730773926
  ],
  "accuracy": [
    0.10497237741947174,
    0.09668508172035217,
    0.10635358840227127,
    0.1174033135175705,
    0.1519336998462677,
    0.1671270728111267,
    0.18232044577598572,
    0.18784530460834503,
    0.20303867757320404,
    0.22790054976940155,
    0.21961325407028198,
    0.22790054976940155,
    0.22237569093704224,
    0.22651933133602142,
    0.2458563596010208,
    0.25690609216690063,
    0.265193372964859,
    0.2790055274963379,
    0.2596684992313385,
    0.25,
    0.28729280829429626,
    0.34116020798683167,
    0.3080110549926758,
    0.32182320952415466,
    0.3328729271888733,
    0.35082873702049255,
    0.3480663001537323,
    0.3825966715812683,
    0.38397789001464844,
    0.37430939078330994,
    0.41298341751098633,
    0.4212707281112671,
    0.4157458543777466,
    0.4792817533016205,
    0.48895028233528137,
    0.4654695987701416,
    0.5248618721961975,
    0.4792817533016205,
    0.5013812184333801,
    0.5317679643630981,
    0.5483425259590149,
    0.5345304012298584,
    0.5276243090629578,
    0.5027624368667603,
    0.5317679643630981,
    0.5386740565299988,
    0.5372928380966187,
    0.5690608024597168,
    0.5718231797218323,
    0.5718231797218323,
    0.5773480534553528,
    0.6077347993850708,
    0.6049723625183105,
    0.5883978009223938,
    0.580110490322113,
    0.6312154531478882,
    0.6312154531478882,
    0.6187845468521118,
    0.6381215453147888,
    0.6187845468521118,
    0.6519337296485901,
    0.6160221099853516,
    0.6643646359443665,
    0.6781768202781677,
    0.669889509677887,
    0.6740331649780273,
    0.639502763748169,
    0.5759668350219727,
    0.5842541456222534,
    0.6201657652854919,
    0.6339778900146484,
    0.6643646359443665,
    0.6712707281112671,
    0.6961326003074646,
    0.6933701634407043,
    0.7361878156661987,
    0.6685082912445068,
    0.7071823477745056,
    0.7016574740409851,
    0.6712707281112671,
    0.6381215453147888,
    0.6671270728111267,
    0.6919889450073242,
    0.6919889450073242,
    0.7168508172035217,
    0.7113259434700012,
    0.6961326003074646,
    0.7140883803367615,
    0.7113259434700012,
    0.7527624368667603,
    0.7720994353294373,
    0.7486187815666199,
    0.7734806537628174,
    0.769336998462677,
    0.7444751262664795,
    0.769336998462677,
    0.7859116196632385,
    0.7596685290336609,
    0.7624309659004211,
    0.7707182168960571
  ],