{
  "class_names": [
    "apple",
    "bye",
    "hello",
    "help",
    "more",
    "no",
    "please",
    "thank_you",
    "water",
    "yes"
  ],
  "samples": {
    "apple": [
      0.9444491863250732,
      0.0002913216594606638,
      0.0023640403524041176,
      5.408759534475394e-06,
      0.0004728416970465332,
      0.04562888666987419,
      3.093173654633574e-05,
      0.001061342074535787,
      0.0002470769686624408,
      0.0054488638415932655
    ],
    "bye": [
      0.0006122644408605993,
      0.8691500425338745,
      0.0010438690660521388,
      0.00011657894356176257,
      4.611215626937337e-05,
      0.032822929322719574,
      0.00013806752394884825,
      0.0008361263317056,
      0.02720818668603897,
      0.06802571564912796
    ],
    "hello": [
      0.003017222974449396,
      0.00046557930181734264,
      0.994314968585968,
      5.813991083414294e-05,
      3.234452742617577e-05,
      0.0006595253362320364,
      1.4646784620708786e-05,
      0.00042923379805870354,
      0.0009500462911091745,
      5.817285637021996e-05
    ],
    "help": [
      2.394139775319104e-09,
      8.042818855358291e-09,
      2.5494248490076643e-08,
      0.9998596906661987,
      9.792318451218307e-05,
      7.18208381655927e-10,
      4.2342126107541844e-05,
      1.1539456501452605e-08,
      1.4595895159175143e-08,
      3.6349383503164745e-09
    ],
    "more": [
      1.4565566743840463e-05,
      6.023493881457398e-08,
      4.830975441905139e-08,
      0.00011463613918749616,
      0.9998648166656494,
      4.1962894670177775e-07,
      4.620325398718705e-06,
      1.0996453525535799e-08,
      2.6563904409471206e-09,
      8.038298915380437e-07
    ],
    "no": [
      0.18523664772510529,
      0.3134332001209259,
      0.011648107320070267,
      0.0002257185842609033,
      0.0008703020284883678,
      0.37720543146133423,
      9.146238153334707e-05,
      0.011757954955101013,
      0.02088506706058979,
      0.07864625751972198
    ],
    "please": [
      0.0013126072008162737,
      4.567040014080703e-05,
      2.4306404156959616e-05,
      0.0012195493327453732,
      7.704348536208272e-05,
      0.003505936823785305,
      0.9471029043197632,
      0.005818172357976437,
      0.0284171961247921,
      0.012476596049964428
    ],
    "thank_you": [
      0.00237798853777349,
      0.00011190576333319768,
      3.8180355659278575e-06,
      1.1436408385634422e-05,
      1.7101281628129072e-05,
      0.015916358679533005,
      0.00425714859738946,
      0.9247062802314758,
      0.0009489976218901575,
      0.05164900794625282
    ],
    "water": [
      0.025833139196038246,
      0.0004518399655353278,
      0.00032773189013823867,
      0.0005278387689031661,
      6.187776307342574e-05,
      0.03508586809039116,
      0.0729108527302742,
      0.011119302362203598,
      0.8364113569259644,
      0.017270123586058617
    ],
    "yes": [
      0.0015326561406254768,
      0.1532837599515915,
      8.34660604596138e-05,
      4.50336083304137e-05,
      2.7516625777934678e-05,
      0.10178609937429428,
      0.0010679597035050392,
      0.0012047648197039962,
      0.02024024911224842,
      0.7207285761833191
    ]
  }
}